Account ID,Owner ID
1234567,3333333
1234099,3333333
1234901,3333333
1123290,8474235
1234567,3333333
7654321,3333333
1234567,3333333
7654321,3333333
1234567,3333333
7654321,3333333
1234567,3333333
1234567,3333333
1234567,3333333
1234567,3333333
1234567,3333333
1234567,3333333
1234567,3333333
1234567,3333333
1234567,3333333
1234567,3333333
1234567,3333333
1234567,3333333
1234567,3333333
1234567,3333333
1234567,3333333
1234567,3333333
1234567,3333333
1234567,3333333
1234567,3333333
1234567,3333333
1234567,3333333
1234567,3333333
1234567,3333333
1234567,3333333
1234567,3333333
1234567,3333333
1234567,3333333
1234567,3333333
1234567,3333333
1234567,3333333
1234567,3333333
1234567,3333333
1234567,3333333
1234567,3333333
1234567,3333333
1234567,3333333
1234567,3333333
1234567,3333333
1234567,3333333
1234567,3333333
1234567,3333333
1234567,3333333
1234567,3333333
1234567,3333333
1234567,3333333
1234567,3333333
1234567,3333333
1234567,3333333
1234567,3333333
1234567,3333333
1234567,3333333
1234567,3333333
1234567,3333333
1234567,3333333
1234567,3333333
1234567,3333333
1234567,3333333
1234567,3333333
1234567,3333333
1234567,3333333
1234567,3333333
1234567,3333333
1234567,3333333
1234567,3333333
1234567,3333333
1234567,3333333
1234567,3333333
